company_name,street_address,city,state,zip_code,mobile_no,username,email,website_url,user_image,auth_level,created_date,user_status,longitude,street,latitude,zip_code_covered,country_code
Levahn Bros Plumbing & Heating,12700 Bass Lake Rd,Maple Grove,MN,55369-6307,5307539611,Patricia,stevelw34@yahoo.com,,,,,,,,,55369-6307,
Safe Test Fire Protection Inc,4142 Abbott Ave S,Minneapolis,MN,55410-1003,9166462700,,stanley@beutlerairconditioningandheating.com,beutlerairconditioningandheati,,,,,,,,55410-1003,
Standard Heating  Ac Co,130 Plymouth Ave N,Minneapolis,MN,55411-3445,9166462700,,stillman@beutlerairconditioningandheating.com,beutlerairconditioningandheati,,,,,,,,55411-3445,
Schmitz Brothers,13667 Meridian Ave N,Monticello,MN,55362-3286,9166462700,,biller@beutlerairconditioningandheating.com,beutlerairconditioningandheati,,,,,,,,55362-3286,
Team Mechanical Inc,3508 Snelling Ave,Minneapolis,MN,55406-2632,9166462700,,thao@beutlerairconditioningandheating.com,beutlerairconditioningandheati,,,,,,,,55406-2632,
First Call Heating & Ac Svc,11585 272nd Ave Nw,Zimmerman,MN,55398-5932,9166462700,,sahota@beutlerairconditioningandheating.com,beutlerairconditioningandheati,,,,,,,,55398-5932,
Elander Mechanical Inc,591 Citation Dr,Shakopee,MN,55379-1888,9166462700,,sean@beutlerairconditioningandheating.com,beutlerairconditioningandheati,,,,,,,,55379-1888,
Associated Mechanical Contrs,1257 Marschall Rd Ste 100,Shakopee,MN,55379-2854,9166462700,,day@beutlerairconditioningandheating.com,beutlerairconditioningandheati,,,,,,,,55379-2854,
Geothermal Concept Llc,14938 Hidden River Dr # 1,South Haven,MN,55382-2621,9166462700,Michelle,zunigam@beutlerhvac.com,,,,,,,,,55382-2621,
Professional Sprinkler Systems,15475 18th St,Watertown,MN,55388-9249,9166462700,Alan,sandersa@beutlerhvac.com,,,,,,,,,55388-9249,
Quality Heating & Air Svc Inc,12912 Ventura Ct Ste 21,Shakopee,MN,55379-8265,9166462700,Larry,moorel@beutlerhvac.com,,,,,,,,,55379-8265,
Cities Mechanical Inc,1900 Spring Lake Cir,Jordan,MN,55352-9395,9166462700,Mark,zentnerm@beutlerhvac.com,,,,,,,,,55352-9395,
City View Plumbing & Heating,1880 W Wayzata Blvd # B,Long Lake,MN,55356-9491,9166462700,Tom,beutlert@beutlerhvac.com,,,,,,,,,55356-9491,
E W Day Plumbing & Heating,Po Box 294,Long Lake,MN,55356-0294,9166462700,Sean,empeys@beutlerhvac.com,,,,,,,,,55356-0294,
Reilly Plumbing,1211 Englewood Ave,Saint Paul,MN,55104-1412,9166462700,David,leblancd@beutlerhvac.com,,,,,,,,,55104-1412,
Prairie Plumbing,3134 Colorado Ave S,Minneapolis,MN,55416-2051,9166462700,Joe,klusnickj@beutlerhvac.com,,,,,,,,,55416-2051,
Airtech Inc,4918 W 35th St,Minneapolis,MN,55416-2612,9166462700,Todd,greert@beutlerhvac.com,,,,,,,,,55416-2612,
All Mechanical Svc,Po Box 23533,Minneapolis,MN,55423-0533,9166462700,Ali,cakusa@beutlerhvac.com,,,,,,,,,55423-0533,
Terrafore Technologies Llc,100 S 5th St Ste 1900,Minneapolis,MN,55402-1267,9166462700,,misb@beutlerhvac.com,,,,,,,,,55402-1267,
Terrafore Inc,100 S 5th St Ste 1900,Minneapolis,MN,55402-1267,9166462700,,torkkinifyen@aol.com,,,,,,,,,55402-1267,
Minneapolis St Paul,,Minneapolis,MN,55416,9166462700,Presiden,r.wylie@beutlerairconditioningandheating.com,beutlerairconditioningandheati,,,,,,,,55416,
Ideal Energies Llc,5810 Nicollet Ave,Minneapolis,MN,55419-2404,9166462700,Presiden,r.wylie@beutlercorp.com,beutlercorp.com,,,,,,,,55419-2404,
Richfield Plumbing Co,8640 Harriet Ave S Ste 100,Minneapolis,MN,55420-2763,9166633441,Tom,tom@barnummech.com,,,,,,,,,55420-2763,
Voson Plumbing Inc,9110 Grand Ave S,Minneapolis,MN,55420-3636,9163489169,Lonnie,lonnieyaj@hotmail.com,,,,,,,,,55420-3636,
Jmj Sewer Svc,16619 Terrey Pine Dr,Eden Prairie,MN,55347-1132,9164813836,Don,don@straightlinesports.com,,,,,,,,,55347-1132,
Southtown Plumbing Inc,6636 Penn Ave S,Minneapolis,MN,55423-2091,9163346400,Joseph,josephkaiser@kaiserinc.com,,,,,,,,,55423-2091,
Geronimo Energy,7650 Edinborough Way Ste 725,Minneapolis,MN,55435-5990,5306765567,Mercer,mdwayne@indooraircare.com,,,,,,,,,55435-5990,
Gts Hvac Inc,4018 Joyce Ln,Minneapolis,MN,55429-4006,9165011587,,susiejuma1@yahoo.com,,,,,,,,,55429-4006,
Golden Valley Heating & Air,5182 W Broadway Ave,Minneapolis,MN,55429-3591,5102223300,,themayor333@msn.com,,,,,,,,,55429-3591,
Mc Lellan Plumbing Co,5217 Hanson Ct N,Minneapolis,MN,55429-3110,9164523211,,smackey@smud.org,,,,,,,,,55429-3110,
P & H Svc Co Inc,1601 67th Ave N Ste 1,Minneapolis,MN,55430-1743,9164544507,Brian,mactap99@aol.com,,,,,,,,,55430-1743,
A-Abc/Total Comfort,,Saint Paul,MN,55126,2092234126,Robin,rpeters@betagroupllc.com,,,,,,,,,55126,
Lifesaver Fire Protection Inc,1000 Boone Ave N Ste 700,Minneapolis,MN,55427-4474,5306211158,,ramrod80@silverstar.com,,,,,,,,,55427-4474,
Standard Plumbing & Appl Co,8015 Minnetonka Blvd,Minneapolis,MN,55426-3019,9166462700,,coetser@beutlerairconditioningandheating.com,beutlerairconditioningandheati,,,,,,,,55426-3019,
Carrier Commercial Svc,6901 W 110th St,Minneapolis,MN,55438-2356,9166462700,,cakus@beutlerairconditioningandheating.com,beutlerairconditioningandheati,,,,,,,,55438-2356,
Quality Plumbing By Kelly,13179 Pierce St Ne,Minneapolis,MN,55434-4455,9166462700,,beutler@beutlerairconditioningandheating.com,beutlerairconditioningandheati,,,,,,,,55434-4455,
Seitz Brothers Inc,8608 Xylon Ave N,Minneapolis,MN,55445-1821,9166462700,,finegan@beutlerairconditioningandheating.com,beutlerairconditioningandheati,,,,,,,,55445-1821,
Plumbing Services Inc,,Minneapolis,MN,55414,9166462700,,hill@beutlerairconditioningandheating.com,beutlerairconditioningandheati,,,,,,,,55414,
Signature Mechanical,8260 Arthur St Ne Ste A,Minneapolis,MN,55432-2295,9166462700,,mccarty@beutlerairconditioningandheating.com,beutlerairconditioningandheati,,,,,,,,55432-2295,
J F Ahern Co,13705 26th Ave N Ste 110,Minneapolis,MN,55441-3644,9166462700,,penrod@beutlerairconditioningandheating.com,beutlerairconditioningandheati,,,,,,,,55441-3644,
Absolute Mechanical,7338 Ohms Ln,Minneapolis,MN,55439-2330,9166462700,,wylie@beutlerairconditioningandheating.com,beutlerairconditioningandheati,,,,,,,,55439-2330,
Pronto Heating & A/C,7588 Washington Ave S,Eden Prairie,MN,55344-3705,9166462700,,schaefer@beutlerairconditioningandheating.com,beutlerairconditioningandheati,,,,,,,,55344-3705,
Forrey Septic Systs & Excavtg,18656 568th Ave,Mankato,MN,56001-6653,9166462700,,williams@beutlerairconditioningandheating.com,beutlerairconditioningandheati,,,,,,,,56001-6653,
Complete Plumbing Svc Llc,20775 State Highway 83,Mankato,MN,56001-8519,5306763263,,lisalories@aol.com,,,,,,,,,56001-8519,
Schwickerts,221 Minnesota St,Mankato,MN,56001-2390,9166307468,,mchlsuttle@yahoo.com,,,,,,,,,56001-2390,
R & M Appliance,57036 360th Ln,Mankato,MN,56001,9167842700,Kate,kate@tamsan.net,,,,,,,,,56001,
O'laughlin Plumbing,525 Cottonwood Dr,Winona,MN,55987-1916,9167842700,Linda,info@thermalaire.com,,,,,,,,,55987-1916,
Taps Llc,327 Junction St,Winona,MN,55987-2470,9165771100,Millie,millie.ault@trane.com,,,,,,,,,55987-2470,
River City Heating & Air Cond,626 E 2nd St,Winona,MN,55987-4219,9167271567,David,david.edwards@secohvac.com,,,,,,,,,55987-4219,
All Trades Svc Llc,74 Kansas St,Winona,MN,55987-3749,9166521722,David,dewen@americanstainlessequipment.com,,,,,,,,,55987-3749,
Boomer's Quality Plumbing,901 E Sanborn St,Winona,MN,55987-4728,9166521722,Dan,dan@barnummech.com,,,,,,,,,55987-4728,
Viking Automatic Sprinkler Co,4420 19th St Nw Ste 1,Rochester,MN,55901-6742,9169251333,,deb0202@aol.com,,,,,,,,,55901-6742,
Action Plumbing Htg & Air Cond,4006 Highway 14 E Ste 200,Rochester,MN,55904-6776,9164854393,Joan,joantognotti@cleanairduct.com,,,,,,,,,55904-6776,
Valor Mechanical,416 Broadway Ave S # 2,Rochester,MN,55904-6403,9164821400,Mardell,mbristol@rrsc.com,,,,,,,,,55904-6403,
Plumbers Service Inc,5012 Viola Rd Ne,Rochester,MN,55906-2202,9164821400,Chuck,cromick@rrsc.com,,,,,,,,,55906-2202,
Harris Contracting Company,1400 7th St Nw,Rochester,MN,55901-1735,9169201604,Williams And Olds,steveolds@yahoo.com,,,,,,,,,55901-1735,
Gander Plumbing,,Rochester,MN,55904,9166859607,John,egapt@msn.com,,,,,,,,,55904,
Nelson Ventilation & Sheet,59 Devil Track Rd,Grand Marais,MN,55604,9167827566,,johnrich53@hotmail.com,royceair.com,,,,,,,,55604,
Jay's Heating & Plumbing,1339 Tom Lake Rd,Hovland,MN,55606-2200,9167827566,,polluela_72@hotmail.com,royceair.com,,,,,,,,55606-2200,
Barta Plumbing & Heating,21 Flynn St,Esko,MN,55733-9703,9167827566,,reallybaditch@hotmail.com,royceair.com,,,,,,,,55733-9703,
Gavic Sons Plbg & Wtr Spc Inc,12725 Nightingale St Nw,Minneapolis,MN,55448-7054,5303440518,,gregandchristie@hotmail.com,royceair.com,,,,,,,,55448-7054,
Schulties Plumbing Co,1523 94th Ln Ne,Minneapolis,MN,55449-4389,9167863900,Mike,mike_witter@amat.com,,,,,,,,,55449-4389,
Master Mobile Home Svc,1486 Cloud Dr Ne,Minneapolis,MN,55449-4731,9167863900,Jim,jim_lewis@amat.com,,,,,,,,,55449-4731,
Green Lawncare Irrigation,32 Woodlake Dr Se,Rochester,MN,55904-5506,9167863900,Mark,mark_bedrin@amat.com,,,,,,,,,55904-5506,
Lone Star Plumbing & Heating,65977 145th St,Adams,MN,55909-8688,9167863900,Scott,scott_olsen@amat.com,,,,,,,,,55909-8688,
Kelley Heating & Air Cond,105 May St,Mankato,MN,56001-3046,9167863900,Dan,dan_rodriguez@amat.com,,,,,,,,,56001-3046,
Summit Mechanical Inc,201 S Central Ave Ste 1,Duluth,MN,55807-2393,9167863900,Chuck,chuck_cummisky@amat.com,,,,,,,,,55807-2393,
Benjamin Franklin Plumbing,12802 W 9th St,Duluth,MN,55808-2207,9167863900,Michiyo,michiyo_kinnison@amat.com,,,,,,,,,55808-2207,
Midway Sheet Metal,2671 Midway Rd,Duluth,MN,55810-2112,9167863900,Elvis,elvis_chan@amat.com,,,,,,,,,55810-2112,
Bailey Heating,630 2nd St,Duluth,MN,55810-2707,9167863900,Bernadine,bernadine_ellis@amat.com,,,,,,,,,55810-2707,
A M Mechanical,5812 Tree Farm Rd,Duluth,MN,55810-9585,9167863900,Joe,joe_balestrini@amat.com,,,,,,,,,55810-9585,
Countryside Refrigeration-Htg,1425 Lookout Dr,Mankato,MN,56003-2501,9167863900,Kurtis,kurtis_lawson@amat.com,,,,,,,,,56003-2501,
Cliff Solem & Sons Sheet Metal,5893 Howard Gnesen Rd,Duluth,MN,55803-9267,9167863900,Michael,michael_sousa@amat.com,,,,,,,,,55803-9267,
Schneider Heating  Air Cond,101 Harvester Ave,Winona,MN,55987-2242,9164782000,Manag,r.portes@plumbery.com,plumbery.com,,,,,,,,55987-2242,
Bob's Home Heating & Cooling,327 Mankato Ave,Winona,MN,55987-4533,9169334199,,sweetnesssteveness@yahoo.com,,,,,,,,,55987-4533,
Long Prairie City Hall,615 Lake St S,Long Prairie,MN,56347-1545,9164310168,Ashley,aharrower@the-energy-store.com,,,,,,,,,56347-1545,
Long Prairie Police Dept,615 Lake St S,Long Prairie,MN,56347-1545,9166388763,Gerry,jasensheetmetal@msn.com,,,,,,,,,56347-1545,
Wagner Plumbing,14563 Lakes Rd Nw,Brandon,MN,56315-8209,9168511600,Greg,greg@directdigital.com,,,,,,,,,56315-8209,
Lonnie Olson Plumbing & Htg,8540 N Shore Dr,Spicer,MN,56288-9561,9163575477,,j.leineke@interstatecon.com,interstatecon.com,,,,,,,,56288-9561,
C W Lunser Co Inc,1600 238th St,Saint Cloud,MN,56301-8712,9162010808,,stellieann@msn.com,,,,,,,,,56301-8712,
Augusta Plumbing,24891 21st Ave,Saint Cloud,MN,56301-8751,9168527430,V,vloftin@ecoquest.org,,,,,,,,,56301-8751,
Aaa Plumbing & Heating Inc,1601 W Saint Germain St,Saint Cloud,MN,56301-4175,9166357486,,larey57@aol.com,,,,,,,,,56301-4175,
Range Cornice & Roofing Co,510 W 41st St,Hibbing,MN,55746-3063,9167393971,Mark,mark@comfortsystemsusa.com,,,,,,,,,55746-3063,
Hibbing Heating  Air Cond,,Hibbing,MN,55746,9167393971,Mike,mike@comfortsystemsusa.com,,,,,,,,,55746,
Polar Heating & Ac,12015 W 32nd St Apt 101,Hibbing,MN,55746-2615,9167393971,Steven,steven@comfortsystemsusa.com,,,,,,,,,55746-2615,
North Country Htg Cooling,118 N 15th Ave,Virginia,MN,55792-3411,9164531094,,terry@wilmorplumbing.com,,,,,,,,,55792-3411,
Lanyk Electric,5555 Enterprise Dr Ne,Virginia,MN,55792-3614,9166385904,Frederick,frederickb@ftgroup.com,,,,,,,,,55792-3614,
Tucker Land Surveying,104 S Main St,Dexter,MN,55926,9166385904,Marie,mariek@ftgroup.com,,,,,,,,,55926,
Hybrid Mechanical Llc,2666 Chester Rd Se,Eyota,MN,55934-3706,9166385904,Dan,dans@ftgroup.com,,,,,,,,,55934-3706,
7 Rivers Mechanical Llc,187 N 1st St Ste 2,La Crescent,MN,55947-1557,9166385904,Mcclelland,mcclellandw@ftgroup.com,,,,,,,,,55947-1557,
Dmc Plumbing  Heating Inc,301 N Main St,Pine Island,MN,55963-7510,9169298951,Bill,bill@benoistco.com,,,,,,,,,55963-7510,
Mc Ginnis Appliance Inc,601 Atlantic Ave,Morris,MN,56267-1326,9169222004,John,jdavis@linford.com,,,,,,,,,56267-1326,
D & D Mechanical,622 6th St Nw,New Prague,MN,56071-1140,9169222004,Amanda,asolgat@linford.com,,,,,,,,,56071-1140,
B  B Plumbing & Heating,326 N Bagen Ave,Springfield,MN,56087-1005,9169222004,Jeff,jwagner@linford.com,,,,,,,,,56087-1005,
Britton Plumbing & Heating Inc,1100 9th Cir Nw,Waseca,MN,56093-5413,9169222004,Don,drasberry@linford.com,,,,,,,,,56093-5413,
Connors Plumbing & Heating,407 5th Ave Se,Waseca,MN,56093-3016,9169249141,Ward,pitbull@pophost.net,,,,,,,,,56093-3016,
Winona Controls Inc,108 Bissen St,Caledonia,MN,55921-1814,9162850300,Tammy,tammys@air-design.com,,,,,,,,,55921-1814,
Royer's Plumbing,44 Main St S,Winnebago,MN,56098,9162850300,Greg,grego@air-design.com,,,,,,,,,56098,
Cold Spring Irrigation,26733 168th Ave,Cold Spring,MN,56320-9650,4089884097,David,davidroth@gfistainless.com,,,,,,,,,56320-9650,
Btu Heating & Cooling Inc,341 Oxford St,Worthington,MN,56187-1601,4089884097,Ken,kenjohnson@gfistainless.com,,,,,,,,,56187-1601,
Rod's Plumbing,616 Morningside Dr,Worthington,MN,56187-2538,9169291170,Desmond,desmondd@garycollins.com,,,,,,,,,56187-2538,
Plumbing & Heating-Willmar Inc,2101 Highway 12 W,Willmar,MN,56201-5845,9163713470,Jay,jay@ptab.org,,,,,,,,,56201-5845,
Bruflat Plumbing & Heating,920 10th St Ste 1,Clarkfield,MN,56223,9163816770,Robert,gfrank@lanset.com,,,,,,,,,56223,
Mid Central Heating & Air Cond,300 Industrial Dr,Freeport,MN,56331,9163860188,Jeff,jkarevchenco@hajoca.com,,,,,,,,,56331,
Mueller Quality Air Solutions,7356 130th Ave,Milaca,MN,56353-4435,9163682582,Doug,american@calweb.com,,,,,,,,,56353-4435,
Lange's Plumbing & Heating,808 E Main St,Belle Plaine,MN,56011-2204,9163835422,Larry,vincent@mcsweb1.com,,,,,,,,,56011-2204,
Total Comfort Systems Inc,300 Downtown Plz,Fairmont,MN,56031-1712,9168138860,,whitewhitebob@aol.com,,,,,,,,,56031-1712,
Winters Plumbing & Heating,110 Ferry St,Le Sueur,MN,56058-1906,5302234421,,redfrogs18@aol.com,,,,,,,,,56058-1906,
Stout & Evink Plumbing & Htg,620 7th St Sw,Pipestone,MN,56164-1163,5302232433,Tony,tony.zitek@tonysrefrigeration.com,,,,,,,,,56164-1163,
Albany Heating Ac & Svc Inc,19274 Red Oak Cir,Avon,MN,56310-8713,5302212222,Charles,tha@c-zone.net,,,,,,,,,56310-8713,
Wes Plumbing & Heating,3403 Bemidji Ave N,Bemidji,MN,56601-4332,5302435410,Bill,bbean@petersontractor.com,,,,,,,,,56601-4332,
Wes' Plumbing & Heating Inc,3403 Bemidji Ave N,Bemidji,MN,56601-4332,5302417804,,handsandfeet68@aol.com,,,,,,,,,56601-4332,
Comfort Zone Htg & Cooling Llp,20098 340th St,Bagley,MN,56621-4387,5302655030,Michael,michael@affordableair.com,,,,,,,,,56621-4387,
Christianson Plumbing Htg & Ac,156 Dakota Shores Pl,Hendricks,MN,56136-1201,5305333701,Vaughn,vaughn@acrealty.com,,,,,,,,,56136-1201,
Fred's Heating & Air,30 Lincoln Ave Ne,Saint Cloud,MN,56304-0536,9166451628,,mikerutschmann@gotorpi.com,,,,,,,,,56304-0536,
A & E Plumbing Htg & Shtmtl,1106 36th Ave W,Alexandria,MN,56308-3315,9166451628,,mmurphy@gotorpi.com,,,,,,,,,56308-3315,
Hanson's Plumbing & Heating,Po Box 99,Vergas,MN,56587-0099,9518941180,Thomas,thomas@civilsolutions.com,,,,,,,,,56587-0099,
St Cloud Refrigeration,153 Chestnut St,Mankato,MN,56001-3006,9169279818,,bsidhu_1@hotmail.com,,,,,,,,,56001-3006,
Gravelle Plumbing & Heating,223 1st Ave Nw,Aitkin,MN,56431-1391,5304777838,Jason,sps1@nccn.net,,,,,,,,,56431-1391,
Northern Air Plumbing & Htg,277 Westwood Dr,Aitkin,MN,56431-7415,9164524422,Stever,steveroyst@aol.com,,,,,,,,,56431-7415,
Vall Heating,43545 Daisy St,Aitkin,MN,56431-4715,9163680336,,j.brassington@airsystems1.com,airsystems1.com,,,,,,,,56431-4715,
